panel_age_years,panel_type,panel_efficiency_percent,number_of_panels,shading,region,daily_power_output_kWh
2.0,poly,17.569814366424534,3,yes,southwest,10.08
1.0,mono,18.833198816249663,4,no,southeast,21.98
7.0,mono,18.667473769168684,6,no,southeast,31.06
12.0,mono,16.451708366962603,3,no,northwest,10.6
11.0,mono,17.78073715361851,3,no,northwest,10.2
10.0,poly,17.10492332526231,3,no,southeast,13.07
18.0,poly,18.7621737960721,4,no,southeast,17.5
17.0,poly,17.53537799300511,6,no,northwest,20.05
17.0,mono,17.985203120796342,5,no,northeast,17.88
27.0,poly,17.12644605864945,3,no,northwest,9.43
10.0,mono,17.20823244552058,3,no,northeast,10.92
29.0,poly,17.22329835889158,3,yes,southeast,6.92
7.0,mono,18.968792036588646,3,no,southwest,16.86
25.0,poly,20.135324186171644,3,no,southeast,13.58
6.0,mono,20.632499327414582,3,yes,southeast,9.6
2.0,mono,16.859564164648912,4,no,southwest,19.98
22.0,poly,18.189669087974174,4,no,northeast,13.43
7.0,mono,16.697067527576003,3,no,northeast,10.88
25.0,mono,20.238633306429914,3,no,southwest,14.7
9.0,mono,19.162496637072906,3,yes,southwest,9.27
27.0,poly,19.314231907452246,3,no,northeast,10.56
9.0,poly,18.53833736884584,4,no,southwest,21.46
1.0,mono,18.904223836427228,3,no,southeast,16.22
14.0,poly,18.43502824858757,4,yes,northeast,8.55
17.0,mono,17.59671778315846,5,no,northwest,16.31
27.0,poly,17.53107344632768,6,no,southeast,22.79
29.0,poly,16.533494753833736,3,no,northeast,8.72
24.0,poly,18.619047619047617,5,no,northwest,16.5
7.0,mono,15.306698950766748,4,no,northwest,12.51
10.0,mono,19.37772397094431,5,yes,southwest,16.81
6.0,mono,19.22706483723433,3,yes,southwest,10.43
1.0,poly,17.228679042238365,3,no,northeast,11.68
2.0,poly,17.720473500134517,8,no,southwest,43.32
29.0,mono,17.658057573311808,3,no,northwest,8.93
7.0,mono,19.39924670433145,4,yes,southwest,12.83
2.0,mono,15.960990045735809,3,no,northwest,10.06
29.0,poly,18.659940812483185,6,no,northwest,19.53
5.0,mono,16.041700295937584,3,no,southwest,14.71
15.0,mono,19.45735808447673,4,yes,northeast,9.91
27.0,mono,20.152542372881356,3,yes,southwest,8.02
9.0,poly,17.290018832391713,3,no,northeast,11.63
10.0,poly,19.448748991121874,5,no,southeast,25.1
15.0,mono,16.252623083131557,4,no,southeast,16.51
17.0,poly,18.193973634651602,5,no,southeast,22.13
18.0,mono,19.53914447134786,4,no,northeast,15.66
24.0,mono,19.59295130481571,3,no,southwest,15.48
1.0,poly,19.886736615550173,5,no,northeast,22.96
7.0,poly,19.048426150121067,3,no,northwest,12.58
27.0,poly,16.844498251277912,3,no,southeast,11.47
16.0,mono,19.14097390368577,4,yes,southeast,10.81
1.0,poly,19.232445520581113,3,no,northeast,13.21
5.0,poly,18.803066989507666,5,no,northwest,19.99
20.0,mono,17.591337099811675,4,yes,southwest,11.77
16.0,mono,18.97524885660479,3,yes,southeast,8.94
20.0,poly,17.739843960182945,6,no,northwest,19.98
26.0,mono,19.518697874630078,5,yes,northwest,9.56
26.0,poly,18.41458165186979,5,no,northeast,16.43
1.0,mono,18.383373688458434,5,yes,southeast,15.7
23.0,poly,16.4893731503901,4,yes,southeast,8.49
14.0,poly,19.60048426150121,5,no,northwest,19.32
16.0,mono,17.45359160613398,6,no,northeast,20.56
10.0,mono,18.80952380952381,7,no,southeast,35.34
30.0,mono,16.88108689803605,4,no,northwest,10.72
7.0,poly,17.146892655367232,4,no,northwest,15.78
4.0,poly,16.390368576809255,3,yes,northwest,6.37
2.0,poly,17.78504170029594,3,no,southwest,16.48
28.0,poly,19.980360505784233,5,no,southwest,23.9
20.0,mono,17.228679042238365,4,no,northwest,11.88
20.0,poly,19.354048964218457,3,no,southeast,14.27
7.0,mono,16.72612321764864,6,yes,southeast,16.06
6.0,poly,16.89184826472962,3,yes,southeast,8.63
10.0,mono,17.698950766747377,8,no,northeast,31.53
23.0,poly,17.612859833198815,6,no,southwest,25.99
26.0,mono,18.454398708635996,4,no,southeast,17.17
17.0,mono,17.462200699488836,5,no,southwest,22.49
25.0,mono,18.8848533763788,3,no,northwest,9.92
8.0,poly,17.933548560667205,4,no,southeast,19.53
5.0,mono,19.21199892386333,3,no,southeast,16.16
6.0,poly,20.132095776163574,3,no,northeast,13.0
15.0,poly,18.659940812483185,3,no,northwest,10.91
10.0,mono,17.351358622545064,4,no,northeast,14.89
18.0,poly,19.80495022867904,3,no,northeast,12.3
6.0,mono,19.66182405165456,4,yes,southeast,12.73
20.0,poly,20.43879472693032,7,no,northwest,26.16
17.0,poly,19.054882970137207,5,yes,southwest,14.79
18.0,mono,16.49260156039817,5,yes,northwest,10.08
25.0,poly,18.271455474845304,3,yes,northwest,6.02
25.0,poly,17.419155232714555,3,no,southwest,11.99
18.0,poly,17.53537799300511,3,no,northwest,9.57
24.0,poly,17.371805219262846,3,no,northwest,9.93
5.0,poly,20.064299165994083,3,no,southeast,16.35
23.0,poly,16.901533494753835,4,no,northwest,12.14
27.0,mono,17.985203120796342,6,yes,northeast,12.43
15.0,mono,19.048426150121067,5,no,northwest,18.1
30.0,poly,18.3015873015873,5,yes,southwest,11.99
7.0,poly,19.66182405165456,4,no,southeast,20.68
23.0,poly,18.193973634651602,6,no,southwest,27.84
24.0,mono,19.803874092009686,3,no,southeast,13.28
25.0,mono,15.858757062146893,3,yes,northeast,5.15
18.0,mono,15.718859295130482,3,yes,southwest,7.19
15.0,poly,18.36615550174872,3,no,southwest,14.68
9.0,mono,17.044659671778316,3,no,northeast,12.02
1.0,poly,18.04654291094969,3,no,northeast,13.29
28.0,poly,18.004573580844767,6,yes,southeast,14.17
14.0,poly,17.483723432875976,4,no,southwest,20.01
4.0,mono,17.59671778315846,4,yes,northwest,8.99
2.0,poly,17.677428033360236,4,no,southwest,21.33
5.0,mono,18.210115684691957,5,no,northwest,19.86
8.0,mono,17.57842345977939,3,no,southeast,14.69
29.0,mono,19.117298896959916,3,yes,southeast,7.59
23.0,mono,18.803066989507666,4,no,northwest,13.8
24.0,poly,17.957223567393058,5,no,southwest,21.72
17.0,mono,18.193973634651602,3,no,southwest,14.38
5.0,poly,19.252892117298895,3,no,northwest,12.79
22.0,mono,18.49636803874092,6,no,northeast,21.43
27.0,mono,17.71939736346516,3,no,northeast,9.29
26.0,mono,22.124024751143395,3,no,southeast,14.89
8.0,poly,17.57842345977939,4,yes,southeast,10.91
20.0,poly,17.41269841269841,3,no,southeast,11.54
17.0,poly,16.594834543987087,5,no,northwest,15.89
17.0,mono,19.549905838041433,5,no,southwest,27.13
1.0,mono,16.67662093085822,3,no,northeast,12.31
4.0,poly,17.801183750336293,3,no,northwest,11.46
17.0,mono,18.312348668280872,4,yes,northeast,8.34
19.0,poly,18.864406779661017,6,no,northwest,21.33
5.0,poly,17.760290556900728,3,no,northeast,11.97
2.0,poly,17.655905299973096,3,yes,southwest,9.11
22.0,poly,19.61447403820285,3,no,southwest,14.58
11.0,poly,15.38848533763788,5,yes,northwest,10.24
18.0,mono,19.033360236750067,5,no,southwest,25.17
27.0,poly,17.26957223567393,3,no,northeast,8.58
28.0,poly,16.30858218993812,3,no,northeast,8.58
23.0,poly,19.291633037395748,5,no,southwest,24.35
2.0,mono,17.0651062684961,3,no,northwest,10.14
4.0,poly,17.760290556900728,3,no,northeast,13.25
6.0,poly,17.602098466505247,3,no,southeast,14.1
2.0,mono,18.904223836427228,3,no,southwest,17.08
6.0,mono,16.983319881624965,3,no,northwest,10.7
23.0,poly,18.430723701910143,6,no,southeast,24.97
6.0,poly,19.31315577078289,3,no,southwest,17.44
14.0,mono,16.390368576809255,5,no,northeast,17.6
5.0,mono,18.55770782889427,4,no,northeast,17.57
14.0,mono,17.01022329835889,5,yes,southeast,12.91
8.0,mono,17.964756524078556,5,no,northwest,19.18
9.0,mono,17.739843960182945,6,yes,northwest,13.92
8.0,poly,19.922249125638956,6,no,southeast,31.17
18.0,mono,18.128329297820823,6,yes,northwest,13.12
22.0,poly,19.685499058380415,4,no,southeast,17.8
23.0,poly,19.620930858218994,4,no,northwest,13.3
2.0,mono,17.677428033360236,4,no,southwest,20.72
15.0,mono,16.75840731772935,4,no,northwest,13.1
20.0,mono,17.957223567393058,3,no,southeast,12.47
11.0,poly,19.559591068065643,6,no,northeast,24.68
16.0,poly,16.594834543987087,3,yes,northeast,5.25
20.0,poly,17.044659671778316,4,no,northeast,13.84
17.0,mono,20.070755986010223,3,no,northwest,11.27
20.0,mono,16.82082324455206,3,yes,southeast,7.34
1.0,mono,16.983319881624965,3,yes,northeast,7.38
9.0,mono,19.21199892386333,3,yes,southeast,8.78
21.0,poly,17.554748453053538,6,no,southeast,24.82
16.0,poly,17.290018832391713,3,yes,northwest,5.6
1.0,poly,19.49609900457358,3,yes,southeast,10.04
23.0,mono,20.087974172719935,4,no,southwest,18.79
11.0,poly,17.978746300780198,5,no,southwest,25.78
17.0,mono,17.944309927360774,3,no,northwest,10.63
19.0,mono,17.637610976594026,7,no,northeast,23.98
4.0,poly,19.52838310465429,8,no,southwest,47.08
11.0,poly,18.70083400591875,6,no,northwest,22.79
2.0,poly,18.41458165186979,4,no,northwest,16.03
6.0,mono,15.633844498251278,6,no,northeast,21.42
29.0,mono,20.490449287059455,3,no,southeast,12.68
20.0,mono,18.0863599677159,3,no,southwest,14.85
1.0,mono,15.0,3,no,northeast,10.56
15.0,poly,19.054882970137207,4,no,southwest,20.85
9.0,poly,18.74172719935432,3,no,northwest,10.43
29.0,poly,19.67904223836427,3,yes,southwest,8.06
18.0,mono,17.555824589722896,5,no,northwest,16.32
23.0,mono,17.84960990045736,4,no,southwest,17.79
18.0,poly,17.78504170029594,5,no,southwest,23.88
15.0,poly,18.70083400591875,6,no,northeast,23.13
26.0,mono,17.71939736346516,3,no,northwest,9.98
1.0,poly,19.803874092009686,3,no,southeast,16.68
6.0,mono,15.858757062146893,6,no,northeast,21.18
17.0,poly,17.249125638956148,3,no,northwest,9.75
17.0,mono,18.170298627925746,5,no,southeast,22.35
16.0,mono,20.581920903954803,6,yes,northeast,14.89
5.0,poly,18.004573580844767,5,no,southeast,24.09
9.0,poly,18.21549636803874,6,no,southwest,31.21
15.0,poly,18.495291902071564,4,no,southwest,20.01
8.0,poly,18.475921442023136,5,no,northwest,19.63
28.0,mono,18.35969868173258,3,no,southeast,12.04
16.0,poly,17.20392789884315,3,no,southwest,14.42
10.0,mono,17.10492332526231,3,no,southeast,13.37
25.0,poly,17.290018832391713,4,no,northwest,12.4
1.0,mono,18.97524885660479,3,no,southeast,16.98
2.0,mono,18.148775894538606,3,no,northwest,12.0
19.0,poly,18.624428302394403,3,no,southwest,15.36
18.0,poly,17.720473500134517,5,no,southeast,20.17
22.0,poly,15.449825127791229,3,no,northwest,8.28
30.0,poly,20.029862792574654,3,no,northeast,10.25
2.0,poly,18.475921442023136,3,no,northwest,11.97
20.0,poly,18.501748722087704,4,no,southeast,16.37
27.0,poly,16.737960721011568,3,no,northwest,8.57
6.0,poly,19.3303739574926,3,yes,southeast,8.86
18.0,mono,16.364541296744687,3,no,southwest,12.95
7.0,poly,17.78073715361851,4,no,northeast,16.0
27.0,mono,17.246973365617432,3,no,southeast,10.5
15.0,mono,17.53537799300511,5,yes,northeast,11.66
29.0,poly,18.409200968523002,3,no,southwest,13.13
20.0,mono,20.43879472693032,4,no,northeast,15.23
4.0,mono,18.667473769168684,4,no,southwest,22.42
20.0,mono,18.210115684691957,7,no,northwest,23.5
9.0,mono,17.698950766747377,5,no,northwest,17.75
14.0,poly,17.317998385794997,4,no,southeast,17.44
18.0,poly,18.21549636803874,5,no,southwest,23.4
15.0,poly,19.549905838041433,5,no,southwest,27.11
23.0,poly,17.290018832391713,3,no,northwest,9.23
6.0,mono,16.536723163841806,3,no,southeast,13.39
5.0,poly,18.004573580844767,4,no,southeast,19.41
9.0,poly,16.560398170567662,3,no,southeast,13.21
14.0,poly,18.818132902878666,4,no,southwest,20.61
23.0,poly,18.721280602636533,3,no,northeast,10.31
11.0,mono,18.193973634651602,6,no,southwest,29.96
2.0,mono,19.054882970137207,3,yes,southwest,10.63
16.0,mono,16.868173258003765,3,yes,southeast,8.3
24.0,mono,18.85687382297552,6,no,southeast,25.88
7.0,mono,19.756524078557977,3,no,southeast,16.29
26.0,poly,20.585149313962873,3,no,southeast,13.83
15.0,poly,18.37368845843422,4,no,northeast,14.57
19.0,mono,17.044659671778316,5,no,northeast,17.21
16.0,poly,19.35512510088781,4,no,northwest,14.33
27.0,poly,17.554748453053538,6,no,southeast,22.47
2.0,poly,15.39601829432338,3,no,southwest,13.73
27.0,mono,17.483723432875976,4,no,southwest,16.7
19.0,mono,16.840193704600484,5,no,northwest,15.38
20.0,poly,16.347323110034974,5,yes,southeast,11.95
1.0,poly,17.317998385794997,3,no,southeast,13.79
10.0,mono,19.82754909873554,5,no,southeast,26.77
2.0,mono,17.821630347054075,3,yes,northwest,7.13
17.0,mono,19.756524078557977,4,no,southeast,20.41
7.0,poly,19.45735808447673,5,yes,northeast,13.83
12.0,poly,16.329028786655904,4,no,northeast,13.56
24.0,poly,17.333064299165994,4,no,southwest,17.28
20.0,mono,19.162496637072906,6,no,southwest,29.92
29.0,poly,17.53537799300511,3,yes,northeast,5.1
23.0,mono,18.026096314231907,3,no,northwest,10.35
27.0,poly,19.756524078557977,3,no,southeast,13.08
9.0,mono,19.28302394404089,3,no,southeast,15.54
2.0,mono,16.063223029324725,4,no,southwest,19.15
8.0,mono,17.801183750336293,4,no,northeast,16.69
1.0,mono,15.286252354048964,5,yes,northeast,10.68
29.0,poly,18.495291902071564,5,yes,southwest,13.24
23.0,mono,18.92789884315308,5,yes,southeast,13.21
6.0,mono,18.0863599677159,6,no,southwest,32.28
21.0,mono,18.41458165186979,3,yes,northeast,6.56
24.0,poly,17.024213075060533,6,no,northeast,19.73
25.0,mono,18.803066989507666,3,yes,northwest,5.92
18.0,poly,20.206349206349206,3,no,southeast,15.0
22.0,mono,16.8197471078827,7,no,northwest,20.74
2.0,mono,18.43502824858757,3,yes,northwest,7.15
26.0,poly,16.98870056497175,3,no,southwest,12.17
4.0,poly,17.34167339252085,4,yes,southeast,11.03
22.0,mono,16.79930051116492,6,yes,northeast,10.5
2.0,mono,19.518697874630078,3,yes,northwest,7.1
23.0,poly,19.756524078557977,6,no,southeast,27.64
18.0,mono,20.67984934086629,6,yes,southeast,18.45
20.0,mono,15.826472962066182,4,yes,southeast,8.98
27.0,poly,18.537261232176487,6,no,northeast,20.24
18.0,mono,18.06483723432876,4,no,southwest,18.68
20.0,mono,17.12644605864945,4,no,northeast,12.75
1.0,mono,17.886198547215496,4,no,southeast,20.5
21.0,mono,18.925746569814365,5,yes,southwest,14.42
15.0,mono,19.53914447134786,5,no,northwest,18.91
21.0,mono,17.474038202851762,4,no,northeast,12.5
10.0,mono,17.494484799569545,3,no,northwest,10.17
19.0,poly,17.290018832391713,5,no,northeast,17.73
2.0,mono,16.001883239171374,5,no,northwest,17.58
6.0,poly,16.79499596448749,3,no,southwest,15.29
27.0,mono,18.407048695184287,5,no,southeast,20.61
22.0,poly,16.205273069679848,4,no,southeast,15.01
20.0,poly,17.617164379876243,4,yes,northeast,8.09
23.0,mono,20.295668549905837,6,yes,northeast,13.76
9.0,mono,17.514931396287327,4,no,northeast,15.76
24.0,poly,18.537261232176487,4,no,northeast,13.84
22.0,poly,18.28006456820016,3,no,southwest,14.39
18.0,mono,17.29432337906914,4,no,southeast,16.35
18.0,poly,21.910949690610707,5,no,northeast,21.41
29.0,poly,17.20823244552058,3,no,northwest,9.33
27.0,poly,19.477804681194513,4,yes,northeast,8.8
22.0,mono,17.246973365617432,6,no,southeast,23.32
7.0,poly,18.753564702717245,3,no,southwest,16.97
8.0,mono,17.944309927360774,4,no,northeast,15.68
10.0,mono,21.36642453591606,5,yes,southeast,16.74
6.0,poly,17.767823513586226,3,no,southeast,14.63
10.0,mono,17.333064299165994,6,no,southwest,29.78
1.0,mono,16.513048157115954,3,no,northeast,10.74
2.0,mono,17.526768899650257,3,yes,southwest,9.33
19.0,mono,17.033898305084747,4,yes,southeast,9.6
10.0,mono,18.966639763249933,6,yes,northwest,13.59
20.0,poly,17.78073715361851,4,no,northwest,13.79
16.0,mono,17.494484799569545,6,no,northeast,21.48
23.0,poly,16.43126177024482,6,yes,northeast,11.2
25.0,poly,19.638149044928706,5,no,southeast,22.92
7.0,poly,18.667473769168684,5,no,southeast,24.74
25.0,poly,19.743610438525693,5,no,southwest,23.88
8.0,mono,18.74172719935432,5,no,northwest,19.58
7.0,poly,17.483723432875976,5,no,southwest,26.51
9.0,poly,18.738498789346245,4,no,southeast,20.12
26.0,mono,19.06887274683885,3,no,northeast,10.8
15.0,poly,18.680387409200968,5,no,northwest,18.63
21.0,mono,17.290018832391713,3,no,southwest,12.98
2.0,poly,16.88108689803605,3,no,southwest,15.79
16.0,mono,19.306698950766748,6,yes,southeast,16.26
20.0,mono,19.28302394404089,3,no,southeast,14.31
6.0,poly,18.32311003497444,3,yes,southwest,9.65
22.0,mono,18.721280602636533,3,no,northeast,10.63
21.0,mono,18.49636803874092,3,no,northwest,10.22
23.0,mono,18.619047619047617,3,no,northeast,10.87
17.0,poly,17.514931396287327,3,no,northwest,10.41
11.0,mono,19.60048426150121,4,no,northeast,16.67
14.0,mono,17.003766478342747,4,no,northwest,13.85
5.0,poly,17.944309927360774,7,no,northeast,28.68
14.0,mono,18.193973634651602,3,yes,southwest,8.6
25.0,mono,20.37745493677697,3,no,northeast,10.96
8.0,mono,17.419155232714555,3,no,southwest,15.06
20.0,mono,18.905299973096582,4,no,northeast,14.65
6.0,poly,16.560398170567662,4,no,southeast,17.42
18.0,mono,19.416464891041162,5,yes,northwest,11.22
30.0,poly,18.839655636265803,4,yes,southwest,10.14
22.0,mono,19.46381490449287,3,no,southwest,15.09
28.0,poly,19.396018294323376,4,yes,northeast,7.57
22.0,mono,17.45359160613398,3,yes,northwest,6.33
28.0,poly,18.271455474845304,3,no,northwest,9.37
25.0,poly,17.760290556900728,3,no,northeast,9.77
16.0,poly,19.252892117298895,5,no,northeast,19.14
30.0,mono,18.990314769975786,3,no,southwest,12.59
27.0,mono,17.10492332526231,3,no,southeast,10.78
29.0,mono,17.494484799569545,4,no,northwest,11.79
21.0,mono,18.5168146354587,4,yes,northeast,7.67
18.0,poly,17.53107344632768,4,no,southeast,16.87
9.0,poly,17.505246166263117,3,no,southwest,15.56
29.0,mono,18.026096314231907,3,no,northwest,9.56
27.0,poly,17.494484799569545,3,no,northeast,9.98
29.0,mono,19.477804681194513,3,no,northeast,10.92
20.0,poly,20.490449287059455,7,no,southeast,34.11
14.0,poly,17.862523540489644,6,no,southeast,26.54
12.0,mono,19.25934893731504,5,no,southeast,23.39
18.0,mono,18.74172719935432,4,no,northeast,15.32
16.0,poly,18.004573580844767,4,no,southeast,17.72
2.0,mono,17.555824589722896,3,no,northwest,11.83
25.0,poly,16.55394135055152,3,no,northwest,8.8
21.0,poly,17.074791498520312,3,no,southwest,12.63
9.0,poly,17.526768899650257,3,no,southwest,14.84
12.0,mono,19.15065913370998,3,no,northeast,11.82
1.0,poly,19.803874092009686,3,no,southeast,17.45
18.0,mono,17.505246166263117,3,no,southwest,13.21
18.0,mono,21.01129943502825,6,no,southeast,30.7
19.0,mono,17.985203120796342,6,no,northwest,19.64
7.0,mono,20.585149313962873,3,no,southeast,17.15
1.0,poly,16.03954802259887,3,no,southeast,14.2
20.0,poly,18.5168146354587,5,no,northeast,17.76
15.0,mono,18.12940543449018,4,no,southwest,19.84
2.0,poly,16.235404896421844,3,yes,southwest,9.23
5.0,poly,17.246973365617432,4,no,southwest,20.67
5.0,poly,16.276298089857413,5,no,southeast,21.54
20.0,poly,18.189669087974174,4,no,northeast,14.23
25.0,poly,18.5168146354587,6,no,northeast,21.53
16.0,poly,16.9424266881894,5,no,northwest,16.9
17.0,mono,18.455474845305353,5,no,northwest,17.06
1.0,mono,18.10788270110304,6,no,northeast,24.43
28.0,poly,16.10411622276029,3,no,northwest,8.35
25.0,poly,16.349475383373687,3,no,northeast,9.09
16.0,poly,18.70083400591875,4,no,northeast,15.45
5.0,mono,18.645951035781543,5,yes,southwest,16.48
4.0,mono,18.738498789346245,3,no,southeast,16.25
7.0,poly,17.658057573311808,3,yes,northwest,6.0
19.0,poly,16.921980091471617,6,yes,northeast,10.94
9.0,mono,20.206349206349206,3,yes,southeast,8.44
30.0,poly,18.04654291094969,6,no,northwest,18.44
29.0,mono,18.336023675006725,4,no,southeast,15.93
6.0,poly,15.429378531073446,5,yes,northeast,9.77
24.0,mono,18.169222491256388,3,yes,northeast,6.18
24.0,mono,18.667473769168684,3,no,southeast,13.44
15.0,poly,20.89292440139898,5,no,southeast,25.52
17.0,mono,16.329028786655904,5,no,northeast,15.51
2.0,mono,18.968792036588646,3,no,southwest,16.9
26.0,poly,19.96959913909066,3,no,southeast,14.53
21.0,mono,17.024213075060533,5,no,northwest,15.22
5.0,poly,16.43126177024482,3,no,northwest,8.88
9.0,poly,18.066989507667472,6,no,northwest,21.53
20.0,mono,19.232445520581113,7,no,northeast,26.28
2.0,poly,19.620930858218994,3,no,northwest,13.66
20.0,mono,18.332795264998655,4,no,northeast,14.07
20.0,mono,18.312348668280872,4,no,northeast,14.11
18.0,poly,18.5168146354587,5,no,northeast,17.6
18.0,mono,15.83831046542911,3,no,northwest,8.59
16.0,poly,18.968792036588646,6,no,southwest,31.25
5.0,mono,18.241323648103307,3,no,southeast,14.06
30.0,mono,17.074791498520312,5,no,southwest,18.25
1.0,poly,19.780199085283833,3,no,southeast,17.35
22.0,poly,15.998654829163304,3,no,southwest,11.75
19.0,mono,21.792574656981436,4,no,southeast,21.05
30.0,poly,18.659940812483185,3,no,northwest,9.52
20.0,mono,18.5168146354587,6,no,northwest,20.1
10.0,mono,15.955609362389023,3,no,southwest,13.76
22.0,poly,19.825396825396826,5,no,northeast,18.21
12.0,poly,16.797148237826203,3,no,southeast,12.87
19.0,poly,16.644336830777508,4,no,southwest,16.7
18.0,mono,16.110573042776434,6,no,southeast,23.58
11.0,mono,18.028248587570623,4,no,southeast,18.89
2.0,mono,15.32714554748453,3,no,northwest,9.96
17.0,poly,15.920096852300242,4,yes,northeast,8.44
5.0,poly,15.265805757331181,5,yes,northeast,10.45
10.0,mono,16.70890503093893,8,no,southwest,37.98
2.0,poly,19.130212536992197,3,no,northwest,12.23
16.0,poly,19.235673930589186,4,no,southeast,19.26
22.0,mono,18.904223836427228,3,no,southeast,12.77
16.0,poly,16.429109496906108,5,yes,southwest,13.28
30.0,mono,19.993274145816518,4,no,southeast,17.18
29.0,poly,17.371805219262846,3,yes,northwest,4.91
30.0,mono,18.85687382297552,3,yes,southeast,7.05
28.0,mono,19.28302394404089,3,yes,southeast,7.61
20.0,mono,18.619047619047617,4,yes,northeast,8.57
10.0,mono,18.148775894538606,3,no,northeast,11.09
20.0,mono,18.06483723432876,5,no,southwest,22.71
18.0,mono,16.797148237826203,8,no,southeast,31.96
18.0,poly,17.433145009416194,4,no,northeast,14.07
1.0,poly,17.842076943771858,3,no,northeast,12.12
5.0,poly,15.184019370460048,4,no,northeast,13.93
6.0,poly,18.10788270110304,6,no,northwest,23.52
2.0,mono,18.688996502555824,3,no,southwest,17.28
8.0,poly,15.920096852300242,5,no,northwest,16.62
16.0,mono,17.354587032553134,3,no,southwest,13.91
27.0,poly,18.12940543449018,3,no,southwest,12.8
10.0,mono,17.71939736346516,4,no,northwest,13.81
27.0,mono,18.69114877589454,6,no,southeast,24.96
6.0,mono,18.394135055152006,3,no,northeast,12.15
15.0,mono,17.78504170029594,6,no,southwest,28.57
22.0,poly,21.626849609900457,8,no,southeast,40.66
5.0,mono,17.90341673392521,3,no,northeast,12.42
10.0,poly,18.598601022329834,4,no,northwest,15.24
12.0,poly,18.775087436104386,3,yes,southwest,9.1
1.0,mono,20.821899381221414,3,no,southeast,17.66
27.0,poly,19.42507398439602,4,no,southeast,16.89
25.0,mono,17.310465429109495,4,yes,northwest,7.27
18.0,poly,18.688996502555824,3,no,southwest,14.72
27.0,mono,17.944309927360774,3,no,northeast,9.36
25.0,poly,17.08555286521388,3,no,northwest,9.13
20.0,poly,17.935700834005917,3,no,southwest,13.5
15.0,mono,19.872746838848535,4,no,southwest,21.25
19.0,mono,17.935700834005917,7,no,southwest,32.58
9.0,mono,16.75840731772935,4,no,northwest,14.17
9.0,mono,16.601291364003227,3,no,southwest,14.09
4.0,mono,17.964756524078556,3,no,northwest,10.75
11.0,mono,21.57949959644875,5,no,southeast,28.07
27.0,mono,19.61447403820285,3,no,southwest,13.86
24.0,poly,18.051923594296476,5,no,southeast,20.37
25.0,poly,18.128329297820823,3,no,northwest,9.94
25.0,mono,20.087974172719935,3,no,southwest,15.02
20.0,poly,18.667473769168684,6,no,southeast,26.73
20.0,poly,19.448748991121874,6,no,southeast,27.02
16.0,mono,18.02179176755448,3,yes,southwest,7.66
29.0,poly,19.764057035243475,5,no,northeast,17.73
25.0,mono,17.146892655367232,3,no,northeast,9.38
2.0,mono,16.983319881624965,3,no,northwest,11.54
9.0,poly,17.673123486682808,4,yes,southeast,11.37
27.0,poly,17.741996233521657,4,no,southwest,16.89
25.0,poly,18.843960182943235,5,no,northwest,16.93
7.0,poly,16.79930051116492,4,no,northeast,14.76
1.0,poly,16.749798224374494,4,no,southeast,19.71
6.0,mono,18.596448748991122,3,no,southeast,15.75
1.0,poly,18.04654291094969,3,no,northeast,13.67
2.0,poly,17.978746300780198,3,no,southwest,16.6
19.0,poly,18.74172719935432,3,no,northeast,10.85
23.0,mono,16.96717783158461,6,yes,southwest,14.15
28.0,mono,17.658057573311808,4,yes,northwest,6.8
9.0,mono,17.698950766747377,3,yes,northeast,7.07
10.0,mono,19.232445520581113,3,no,northwest,11.28
5.0,mono,19.49609900457358,3,no,southeast,16.13
7.0,mono,18.57277374226527,3,no,southeast,14.91
29.0,mono,20.459241323648104,6,no,northwest,20.64
20.0,mono,19.638149044928706,5,no,southeast,23.3
1.0,poly,18.312348668280872,3,no,southeast,16.35
22.0,poly,20.066451439332795,4,no,southwest,19.7
20.0,mono,18.947269303201505,6,no,southwest,29.09
10.0,poly,18.25100887812752,3,no,northeast,11.63
23.0,poly,16.185902609631423,6,no,northwest,18.06
2.0,mono,17.741996233521657,3,no,southwest,16.38
17.0,poly,19.756524078557977,3,yes,southeast,7.91
23.0,mono,18.271455474845304,4,no,northwest,13.44
2.0,poly,18.645951035781543,3,no,southwest,17.14
28.0,poly,16.962873284907182,3,no,southeast,10.64
1.0,poly,16.962873284907182,3,no,northeast,11.71
28.0,mono,20.90583804143126,3,no,southwest,14.35
5.0,mono,17.096314231907453,7,yes,southwest,20.97
4.0,mono,17.576271186440678,3,no,northeast,11.16
10.0,poly,16.644336830777508,5,no,southwest,24.33
18.0,mono,17.741996233521657,5,no,southwest,23.41
17.0,poly,16.72612321764864,5,no,southeast,20.93
29.0,poly,20.001883239171374,3,no,southwest,13.0
8.0,mono,18.968792036588646,3,yes,southwest,9.24
16.0,mono,17.167339252085014,3,no,northeast,10.04
22.0,mono,16.560398170567662,4,yes,southeast,8.44
2.0,mono,18.075598601022328,3,yes,southeast,9.24
18.0,poly,17.79149852031208,4,no,southeast,17.3
17.0,mono,18.210115684691957,6,no,northwest,20.71
6.0,mono,18.312348668280872,4,no,northwest,15.77
5.0,mono,16.67662093085822,5,no,northwest,17.67
9.0,poly,17.003766478342747,3,no,northeast,11.37
25.0,poly,17.741996233521657,3,no,southwest,12.75
25.0,mono,18.475921442023136,4,no,northeast,13.54
6.0,mono,18.80952380952381,3,no,southeast,14.6
22.0,mono,16.390368576809255,3,no,northeast,10.22
2.0,mono,18.10788270110304,3,no,southwest,16.93
19.0,mono,17.655905299973096,4,yes,southwest,11.12
26.0,mono,19.248587570621467,3,no,southwest,14.2
4.0,mono,19.16464891041162,4,no,southeast,21.45
18.0,mono,18.128329297820823,5,no,northwest,16.71
15.0,poly,18.23701910142588,4,no,southwest,19.45
10.0,mono,18.210115684691957,3,no,northeast,12.14
21.0,poly,17.45359160613398,3,no,northeast,9.14
11.0,poly,21.08232445520581,3,no,southeast,16.07
22.0,poly,18.864406779661017,3,no,northeast,10.68
18.0,poly,19.685499058380415,3,no,southeast,14.55
16.0,mono,17.17594834543987,4,yes,southeast,10.01
1.0,poly,18.85687382297552,3,no,southeast,16.22
2.0,poly,18.148775894538606,5,no,northwest,19.96
22.0,poly,17.117836965294593,4,no,southwest,17.23
18.0,mono,20.05030938929244,4,no,northeast,16.8
1.0,mono,17.044659671778316,3,no,northeast,11.91
25.0,mono,20.632499327414582,4,yes,southeast,10.72
29.0,poly,18.394135055152006,3,no,northeast,10.52
27.0,mono,17.957223567393058,5,no,southeast,19.82
17.0,mono,19.354048964218457,3,no,southeast,14.52
30.0,mono,20.277374226526767,3,no,southeast,12.89
18.0,mono,17.59671778315846,4,no,northeast,14.78
12.0,poly,19.937315039009952,6,no,southwest,33.25
18.0,poly,18.06483723432876,5,no,southwest,24.73
18.0,poly,17.602098466505247,4,no,southeast,17.15
23.0,mono,18.312348668280872,3,no,southeast,12.37
14.0,poly,19.743610438525693,6,no,southwest,31.79
4.0,poly,18.407048695184287,5,no,southeast,25.21
29.0,poly,19.37772397094431,3,no,southeast,13.05
23.0,poly,21.76889965025558,3,yes,southeast,9.22
23.0,mono,18.066989507667472,3,no,northwest,9.86
20.0,mono,17.12644605864945,5,yes,northwest,8.87
7.0,mono,19.191552327145548,3,no,northeast,13.39
23.0,poly,21.61608824320689,5,no,southwest,25.76
10.0,poly,17.71939736346516,3,no,northeast,10.33
16.0,poly,21.508474576271187,3,yes,southeast,8.7
29.0,mono,18.193973634651602,3,no,southwest,12.55
11.0,poly,17.79149852031208,3,no,southeast,13.58
29.0,mono,16.170836696260423,3,no,southwest,10.83
22.0,poly,18.394135055152006,5,no,northwest,17.36
10.0,poly,20.459241323648104,3,no,northeast,13.39
7.0,mono,16.68738229755179,5,no,southwest,24.38
18.0,mono,18.7621737960721,4,no,northeast,15.1
14.0,mono,18.92789884315308,3,no,southeast,14.1
15.0,poly,18.905299973096582,6,yes,northwest,13.85
2.0,mono,19.21199892386333,3,no,northwest,12.99
18.0,poly,15.858757062146893,5,no,northwest,14.76
23.0,poly,18.598601022329834,3,no,northeast,10.56
6.0,mono,18.12940543449018,3,no,southwest,14.89
21.0,mono,21.20069948883508,4,no,southeast,19.78
1.0,poly,18.47807371536185,5,no,southeast,26.42
2.0,poly,18.128329297820823,3,no,northwest,11.83
18.0,poly,20.295668549905837,4,no,northwest,14.3
15.0,mono,18.148775894538606,5,no,northwest,18.06
20.0,poly,18.430723701910143,8,no,southwest,38.14
20.0,mono,20.295668549905837,5,yes,northwest,11.12
10.0,poly,17.82808716707022,3,no,southwest,15.13
1.0,poly,19.590799031476998,4,no,southeast,21.77
9.0,poly,20.845574387947266,5,no,southeast,26.71
29.0,poly,19.498251277912296,4,no,northeast,14.48
25.0,poly,18.94619316653215,5,no,northeast,18.46
26.0,poly,17.41269841269841,3,no,northwest,9.65
6.0,mono,17.34167339252085,3,no,southeast,14.28
10.0,poly,19.764057035243475,4,yes,northeast,10.01
22.0,mono,18.06483723432876,4,no,southwest,18.08
10.0,poly,16.61528114070487,3,no,northeast,10.43
27.0,mono,17.044659671778316,4,no,northeast,12.16
2.0,mono,18.148775894538606,3,no,northwest,11.94
19.0,mono,21.342749529190208,5,no,southeast,26.13
11.0,poly,16.655098197471077,4,no,southeast,17.66
2.0,mono,16.020177562550444,3,no,southwest,13.91
12.0,poly,17.649448479956956,4,no,southeast,18.28
5.0,mono,15.920096852300242,6,no,northeast,22.06
14.0,poly,18.066989507667472,4,yes,northwest,9.12
28.0,poly,19.293785310734464,3,no,northeast,10.65
18.0,poly,18.170298627925746,4,no,southeast,17.61
26.0,poly,17.80656443368308,3,no,southwest,13.27
19.0,mono,15.77697067527576,4,no,northwest,10.98
4.0,mono,18.264998654829164,5,no,southeast,24.97
5.0,poly,16.267688996502557,4,yes,northeast,8.51
15.0,mono,20.230024213075062,3,no,southeast,15.59
18.0,poly,18.823513586225452,4,no,northeast,15.23
16.0,poly,17.90987355394135,5,no,southeast,22.71
14.0,poly,18.721280602636533,4,no,northeast,16.34
16.0,mono,18.581382835620126,5,no,southwest,25.28
22.0,poly,19.641377454936777,5,no,northwest,16.81
1.0,poly,19.993274145816518,3,no,southeast,16.73
22.0,mono,18.37368845843422,3,no,northwest,9.72
25.0,poly,17.01022329835889,3,no,southwest,11.64
30.0,poly,19.96959913909066,6,no,southeast,24.54
2.0,poly,17.658057573311808,3,yes,northwest,7.26
22.0,poly,18.904223836427228,3,no,southeast,13.74
6.0,poly,16.983319881624965,3,no,northeast,11.38
27.0,poly,16.656174334140434,3,yes,northwest,4.45
7.0,mono,17.371805219262846,5,no,northeast,19.31
9.0,mono,19.70056497175141,5,yes,southwest,17.34
19.0,poly,17.886198547215496,4,no,southeast,16.82
18.0,poly,19.054882970137207,5,no,southwest,24.39
1.0,poly,18.70083400591875,3,no,northeast,13.02
14.0,poly,15.65429109496906,6,no,northeast,18.77
4.0,poly,18.667473769168684,3,no,southeast,15.11
19.0,poly,19.448748991121874,4,yes,southeast,11.19
25.0,poly,17.71939736346516,3,no,northeast,8.97
20.0,mono,17.074791498520312,5,yes,southwest,12.74
2.0,poly,18.69114877589454,3,yes,southeast,9.03
24.0,poly,19.549905838041433,3,no,southwest,14.56
9.0,mono,18.32311003497444,4,no,southwest,21.57
17.0,mono,18.904223836427228,7,yes,southwest,21.2
20.0,poly,16.149313962873286,4,no,southwest,16.71
1.0,mono,18.782620392789884,3,yes,northeast,8.04
27.0,mono,17.760290556900728,3,no,northwest,8.66
8.0,poly,17.167339252085014,3,no,northwest,10.56
16.0,mono,17.78073715361851,6,no,northeast,22.41
12.0,mono,20.703524347592143,4,no,southeast,21.07
26.0,mono,19.743610438525693,3,no,southwest,14.64
17.0,poly,19.948076405703524,3,yes,northwest,7.41
23.0,mono,19.33467850417003,4,no,southwest,18.96
9.0,mono,17.871132633844496,3,no,southwest,15.78
8.0,poly,19.21199892386333,3,no,southeast,14.18
20.0,mono,16.451708366962603,5,no,northeast,16.67
22.0,mono,20.109496906107076,4,no,southwest,19.99
30.0,mono,19.784503631961257,3,no,northeast,9.65
2.0,poly,16.840193704600484,4,no,northwest,13.99
15.0,poly,19.764057035243475,5,no,northeast,19.07
19.0,mono,17.249125638956148,3,yes,northeast,6.47
25.0,mono,18.80952380952381,7,no,southeast,29.01
12.0,mono,20.69061070755986,8,no,southwest,46.08
16.0,mono,17.658057573311808,6,yes,northwest,11.93
28.0,mono,18.864406779661017,3,no,northeast,9.37
7.0,poly,19.08931934355663,6,no,northwest,23.8
16.0,mono,19.16464891041162,5,no,southeast,23.75
20.0,mono,18.189669087974174,6,no,northeast,21.15
19.0,mono,17.20823244552058,4,no,northwest,13.5
20.0,poly,16.594834543987087,6,no,northeast,18.86
1.0,mono,17.698950766747377,3,no,northeast,12.83
26.0,poly,18.659940812483185,3,no,northeast,10.12
20.0,poly,20.750874361043852,5,no,southeast,24.99
23.0,poly,20.087974172719935,4,no,southeast,18.57
20.0,poly,18.264998654829164,3,no,southeast,13.37
18.0,poly,19.37772397094431,5,no,southeast,22.75
27.0,poly,19.14097390368577,3,no,southeast,12.35
22.0,poly,17.01022329835889,5,yes,southeast,11.22
5.0,poly,20.69061070755986,4,no,southwest,24.62
6.0,mono,18.70083400591875,5,no,northwest,19.14
20.0,poly,19.293785310734464,4,no,northeast,14.59
25.0,poly,17.760290556900728,7,no,northeast,23.32
17.0,mono,21.57949959644875,6,no,southeast,31.59
25.0,poly,16.72612321764864,4,no,southeast,14.53
11.0,poly,18.353241861716437,4,no,northeast,16.44
1.0,mono,18.80952380952381,3,no,southeast,16.81
30.0,poly,16.513048157115954,3,yes,southeast,6.85
16.0,mono,19.756524078557977,5,yes,southeast,14.07
20.0,mono,17.741996233521657,4,no,southwest,17.89
20.0,poly,18.619047619047617,5,yes,northwest,10.42
29.0,mono,18.455474845305353,3,yes,northeast,5.66
20.0,poly,17.980898574118914,4,no,southeast,17.04
9.0,mono,18.35969868173258,6,no,southeast,29.19
8.0,poly,18.271455474845304,3,no,northeast,12.3
16.0,mono,17.957223567393058,3,no,southeast,12.5
15.0,poly,18.241323648103307,3,no,southeast,13.21
17.0,poly,21.01129943502825,5,yes,southeast,15.07
18.0,mono,16.16545601291364,3,no,northwest,9.04
24.0,poly,20.348399246704332,6,no,southeast,27.65
27.0,mono,18.312348668280872,6,yes,northwest,11.55
25.0,mono,19.33467850417003,6,no,southwest,27.76
20.0,poly,16.55394135055152,5,no,northwest,15.69
5.0,poly,15.309927360774818,4,no,southwest,17.16
2.0,mono,15.934086629001882,3,no,southwest,14.2
19.0,mono,19.162496637072906,5,yes,southwest,14.77
23.0,mono,16.79930051116492,3,no,northwest,8.96
12.0,poly,15.54667742803336,4,no,southwest,16.22
23.0,mono,17.249125638956148,5,no,northeast,16.01
16.0,mono,17.187785848802797,5,no,northeast,17.66
20.0,mono,20.537799300511164,3,no,southeast,14.49
19.0,poly,16.75195049771321,4,no,southwest,17.9
6.0,mono,18.264998654829164,4,yes,southeast,11.16
5.0,mono,17.45359160613398,3,no,northeast,11.24
19.0,mono,19.35620123755717,4,no,southwest,20.28
4.0,mono,18.537261232176487,4,no,northwest,16.86
9.0,mono,16.656174334140434,3,no,northwest,9.98
6.0,poly,19.054882970137207,4,no,southwest,22.42
5.0,poly,20.213882163034704,3,no,northwest,13.3
23.0,poly,18.5168146354587,5,no,northeast,17.96
15.0,mono,19.25934893731504,4,yes,southeast,11.26
25.0,mono,18.823513586225452,3,no,northwest,10.24
7.0,poly,20.016949152542374,5,no,southeast,27.06
5.0,poly,19.069948883508204,3,no,southeast,16.12
21.0,poly,21.195318805488295,3,no,northeast,10.84
23.0,mono,20.490449287059455,3,no,southeast,14.52
14.0,poly,17.249125638956148,4,no,northwest,13.37
19.0,poly,17.92386333064299,4,no,northwest,12.71
12.0,poly,18.645951035781543,5,no,southwest,26.1
22.0,poly,19.756524078557977,3,yes,southeast,8.52
20.0,mono,17.739843960182945,6,no,northwest,20.0
10.0,poly,18.128329297820823,6,no,northeast,22.68
16.0,poly,17.53537799300511,3,no,northeast,10.74
1.0,mono,19.14097390368577,4,no,southeast,20.66
21.0,poly,16.631423190745224,5,no,southeast,19.87
16.0,poly,18.169222491256388,5,no,northwest,17.52
4.0,mono,20.275221953188055,3,no,northeast,14.25
9.0,poly,16.429109496906108,3,no,southwest,14.24
27.0,mono,17.78504170029594,3,no,southwest,12.5
20.0,poly,16.43126177024482,4,no,northwest,12.24
27.0,mono,16.79930051116492,4,no,northwest,10.08
22.0,poly,19.45735808447673,5,no,northwest,17.7
26.0,poly,18.7621737960721,3,no,northwest,9.81
22.0,poly,20.31611514662362,3,no,northeast,11.48
23.0,mono,19.44229217110573,6,no,southwest,28.79
29.0,mono,19.61447403820285,3,no,southwest,13.51
2.0,mono,19.18401937046005,3,no,southwest,17.57
21.0,poly,17.39225181598063,4,no,northeast,12.81
9.0,poly,19.96959913909066,6,yes,southeast,18.75
15.0,mono,17.678504170029594,4,no,northwest,13.69
8.0,poly,16.24724239978477,4,yes,northeast,8.55
1.0,poly,20.234328759752486,3,no,northeast,14.64
15.0,poly,19.3303739574926,4,no,southeast,18.68
15.0,mono,16.82082324455206,6,yes,southeast,15.6
23.0,mono,16.170836696260423,4,no,southwest,16.24
9.0,poly,18.04331450094162,6,no,southwest,31.62
20.0,poly,17.433145009416194,4,no,northeast,14.02
27.0,poly,18.473769168684424,6,no,southwest,25.66
20.0,poly,19.048426150121067,4,no,northwest,14.58
17.0,poly,19.82754909873554,3,yes,southeast,8.68
5.0,mono,16.66585956416465,5,no,southwest,24.37
7.0,mono,18.394135055152006,6,yes,northeast,14.7
8.0,mono,19.205542103847186,5,yes,southwest,16.4
18.0,mono,16.737960721011568,5,no,northeast,16.29
6.0,mono,17.838848533763787,3,yes,southeast,8.72
23.0,mono,18.905299973096582,3,yes,northeast,5.78
10.0,poly,17.29432337906914,3,no,southeast,13.21
21.0,mono,17.249125638956148,3,no,northwest,10.38
21.0,poly,18.04654291094969,4,no,northwest,13.29
14.0,mono,17.376109765940274,5,no,southwest,23.55
2.0,mono,16.24724239978477,3,no,northwest,10.96
19.0,poly,19.31315577078289,4,no,southwest,20.12
7.0,mono,18.210115684691957,3,no,northwest,11.3
17.0,poly,17.246973365617432,3,yes,southeast,6.55
5.0,mono,17.801183750336293,3,no,northwest,11.48
30.0,mono,19.72316384180791,3,no,northwest,9.88
26.0,poly,16.465698143664245,3,no,southeast,10.63
9.0,mono,18.803066989507666,7,no,northeast,28.41
10.0,mono,17.514931396287327,5,no,northeast,20.22
19.0,poly,16.47215496368039,6,no,northeast,20.13
19.0,poly,17.554748453053538,3,yes,southeast,7.65
9.0,mono,19.620930858218994,6,no,northeast,24.94
1.0,mono,19.780199085283833,3,yes,southeast,9.6
6.0,poly,19.0075329566855,5,no,northeast,20.96
7.0,mono,19.14097390368577,4,no,southwest,22.02
12.0,mono,17.397632499327415,4,yes,southwest,11.0
6.0,mono,17.167339252085014,3,no,northeast,11.86
18.0,poly,16.983319881624965,5,no,northeast,17.3
25.0,poly,18.41458165186979,3,no,northwest,9.01
19.0,mono,18.5168146354587,4,no,southwest,19.92
16.0,poly,17.80656443368308,4,no,southwest,18.4
30.0,poly,20.109496906107076,3,no,southwest,14.11
18.0,poly,15.756524078557977,5,no,northwest,14.43
28.0,mono,19.33467850417003,6,no,southwest,27.5
23.0,poly,17.311541565778853,5,no,southwest,21.26
17.0,poly,19.416464891041162,3,no,northeast,11.64
2.0,poly,17.78073715361851,3,yes,northwest,6.98
15.0,mono,18.925746569814365,5,no,northwest,18.36
22.0,mono,18.738498789346245,6,no,southeast,26.12
20.0,mono,18.5168146354587,5,no,northwest,17.05
18.0,mono,20.132095776163574,3,no,northeast,11.28
15.0,mono,18.951573849878933,6,no,southeast,28.44
23.0,mono,17.78073715361851,3,no,northwest,8.68
9.0,mono,16.816518697874628,6,yes,southwest,17.24
1.0,mono,20.419424266881894,3,no,southeast,17.06
22.0,mono,19.306698950766748,4,no,southeast,18.44
21.0,poly,17.505246166263117,4,yes,southwest,11.02
10.0,poly,17.862523540489644,4,no,southeast,18.06
15.0,poly,17.526768899650257,6,no,southwest,28.77
27.0,mono,19.518697874630078,3,no,northeast,10.28
5.0,mono,19.498251277912296,3,no,northwest,13.16
8.0,mono,16.410815173527038,6,no,northeast,21.29
29.0,poly,18.004573580844767,3,no,southeast,11.47
19.0,poly,20.561474307237017,3,no,southeast,15.35
2.0,mono,17.505246166263117,3,no,southwest,15.98
6.0,poly,16.55394135055152,3,no,northeast,11.33
23.0,mono,16.063223029324725,3,yes,southeast,6.32
19.0,poly,18.43502824858757,5,no,northwest,18.16
6.0,mono,17.698950766747377,3,yes,northwest,6.58
9.0,mono,21.08232445520581,5,no,southeast,27.7
9.0,poly,16.49260156039817,4,no,northeast,14.28
26.0,poly,18.688996502555824,3,no,southwest,13.68
12.0,mono,16.901533494753835,3,yes,northeast,5.92
16.0,poly,17.199623352165723,4,no,southeast,17.66
30.0,poly,19.306698950766748,3,no,southeast,12.09
5.0,mono,16.364541296744687,4,no,southwest,19.39
1.0,poly,20.656174334140438,3,yes,southeast,11.44
7.0,mono,17.270648372343288,3,no,southeast,13.3
18.0,poly,19.27333871401668,3,no,northwest,11.07
20.0,poly,20.479687920365887,4,no,northwest,14.37
2.0,poly,19.436911487758945,3,no,northwest,13.37
1.0,mono,18.051923594296476,3,no,southeast,14.8
10.0,mono,17.12644605864945,4,no,northeast,14.59
18.0,poly,18.193973634651602,6,no,southwest,28.88
12.0,poly,20.806833467850417,6,no,northwest,24.73
23.0,mono,16.086898036050577,5,no,southeast,18.08
7.0,mono,16.410815173527038,5,no,northeast,18.7
16.0,mono,18.97524885660479,5,no,southeast,23.35
4.0,poly,18.336023675006725,3,no,southeast,15.82
9.0,poly,16.778853914447136,3,no,northwest,10.12
7.0,mono,19.549905838041433,6,no,southwest,34.17
19.0,poly,17.187785848802797,4,yes,northeast,8.39
12.0,poly,19.21199892386333,3,yes,northwest,6.36
18.0,mono,18.818132902878666,4,no,southwest,19.85
5.0,mono,15.368038740920097,3,no,northwest,10.2
1.0,poly,18.264998654829164,3,no,southeast,15.99
17.0,poly,17.980898574118914,5,no,southeast,21.15
27.0,mono,16.79930051116492,3,no,northwest,8.08
30.0,poly,18.41458165186979,5,no,northeast,16.31
25.0,mono,18.407048695184287,5,yes,southeast,11.9
16.0,mono,17.59671778315846,4,yes,northeast,8.3
15.0,mono,18.189669087974174,6,yes,northeast,14.47
19.0,mono,16.267688996502557,4,no,northwest,12.18
29.0,mono,18.688996502555824,3,no,southwest,12.93
16.0,poly,17.12644605864945,3,no,northwest,9.78
7.0,poly,16.697067527576003,5,no,northwest,17.54
26.0,mono,18.966639763249933,3,no,northwest,9.67
16.0,mono,18.843960182943235,4,no,northwest,14.21
16.0,mono,19.306698950766748,5,no,southeast,22.87
16.0,mono,18.34463276836158,3,no,southwest,15.0
25.0,poly,17.658057573311808,3,no,northeast,9.31
15.0,poly,16.61528114070487,5,no,northeast,18.84
27.0,poly,18.312348668280872,3,no,northwest,9.23
5.0,mono,18.25854183481302,3,no,southwest,16.86
27.0,mono,16.88108689803605,3,no,northeast,9.61
7.0,poly,18.620123755716975,5,yes,southeast,15.17
25.0,poly,17.980898574118914,3,yes,southeast,7.13
23.0,mono,18.128329297820823,3,no,northeast,10.35
27.0,poly,18.549098735539413,3,yes,southeast,6.89
22.0,poly,18.925746569814365,4,no,southwest,19.37
7.0,mono,22.408124831853645,4,no,southeast,23.69
6.0,poly,16.75195049771321,3,no,southwest,14.8
24.0,mono,18.619047619047617,3,no,northwest,10.27
17.0,poly,18.189669087974174,3,yes,northeast,6.98
28.0,mono,18.5168146354587,5,no,northwest,15.42
18.0,poly,19.21199892386333,3,yes,northeast,7.01
23.0,poly,16.67662093085822,5,no,northeast,15.26
20.0,poly,16.697067527576003,6,yes,northeast,12.06
4.0,poly,17.935700834005917,3,no,southwest,16.47
20.0,poly,18.69114877589454,3,yes,southeast,8.34
10.0,mono,16.75840731772935,3,yes,northwest,6.37
10.0,poly,18.501748722087704,4,no,southeast,19.36
25.0,mono,17.612859833198815,3,no,southwest,12.67
17.0,poly,21.80979284369115,5,yes,southwest,16.58
18.0,poly,17.591337099811675,6,no,southwest,27.15
24.0,poly,18.782620392789884,5,no,northwest,16.75
16.0,poly,15.83831046542911,3,no,northeast,8.87
22.0,mono,17.03174603174603,3,no,southwest,12.17
20.0,mono,18.00026903416734,5,no,southwest,22.98
1.0,mono,19.590799031476998,3,no,southeast,17.27
25.0,mono,20.970406241592684,4,no,southwest,20.59
28.0,mono,16.656174334140434,3,no,northeast,8.6
10.0,poly,16.79499596448749,6,no,southwest,28.34
21.0,mono,19.35620123755717,3,no,southwest,15.21
5.0,poly,17.90987355394135,4,no,southeast,18.98
16.0,mono,16.915523271455474,3,no,southeast,12.87
16.0,mono,18.04331450094162,4,no,southwest,19.01
17.0,mono,16.267688996502557,6,no,northeast,18.52
7.0,poly,17.617164379876243,3,no,northwest,11.62
20.0,poly,17.397632499327415,4,no,southwest,17.31
12.0,mono,18.7621737960721,8,no,southeast,37.57
15.0,mono,17.763518966908798,4,no,southwest,19.2
17.0,poly,17.914178100618777,5,no,southwest,23.21
6.0,mono,19.054882970137207,6,no,southwest,33.08
7.0,mono,17.45359160613398,4,no,northwest,15.75
5.0,poly,16.329028786655904,3,no,northeast,10.94
22.0,poly,19.53914447134786,6,yes,northeast,13.25
10.0,mono,17.310465429109495,7,no,northwest,24.3
11.0,mono,17.79149852031208,4,yes,southeast,10.39
25.0,mono,17.801183750336293,3,yes,northeast,5.65
16.0,poly,18.026096314231907,3,no,northwest,11.03
6.0,mono,20.066451439332795,3,no,southwest,16.89
25.0,mono,18.803066989507666,4,no,northwest,13.0
30.0,poly,17.351358622545064,3,yes,northwest,4.77
16.0,poly,17.815173527037935,7,no,southeast,30.52
23.0,mono,16.737960721011568,3,no,northeast,10.23
19.0,mono,19.94592413236481,5,yes,southeast,13.36
29.0,mono,18.475921442023136,3,no,northeast,10.74
28.0,poly,21.034974441754102,3,no,southwest,15.65
16.0,poly,15.879203658864675,5,yes,northeast,10.27
2.0,mono,17.0651062684961,4,no,northwest,14.84
1.0,poly,20.230024213075062,3,no,southeast,16.94
2.0,poly,16.410815173527038,3,no,northwest,10.79
20.0,mono,16.410815173527038,3,no,northeast,9.99
27.0,mono,20.372074253430185,3,yes,southeast,8.16
5.0,mono,17.433145009416194,6,no,northeast,23.9
20.0,mono,19.49609900457358,3,no,southeast,13.47
27.0,poly,19.11945117029863,3,no,southwest,12.81
5.0,poly,17.882970137207426,5,no,northeast,19.97
6.0,mono,18.578154425612052,6,no,northeast,23.87
17.0,poly,18.52542372881356,4,no,southeast,17.18
29.0,mono,20.131019639494216,6,no,southwest,28.19
11.0,poly,16.859564164648912,3,yes,southwest,8.17
6.0,mono,17.658057573311808,4,no,northwest,14.81
1.0,mono,18.394135055152006,3,yes,northeast,7.2
27.0,poly,17.310465429109495,6,no,northwest,17.38
17.0,poly,17.483723432875976,4,no,southwest,18.64
12.0,mono,16.860640301318266,5,no,northwest,16.75
9.0,poly,18.88054882970137,3,no,southeast,15.41
16.0,poly,17.351358622545064,3,yes,northwest,5.6
18.0,mono,16.49260156039817,3,yes,northeast,5.32
28.0,poly,17.634382566585955,3,no,southwest,12.35
15.0,poly,18.92789884315308,4,no,southeast,18.32
29.0,poly,16.94565509819747,3,no,southwest,11.86
29.0,poly,18.710519235942964,3,no,southwest,13.91
18.0,mono,18.23701910142588,4,no,southwest,18.4
14.0,mono,19.27333871401668,3,no,northwest,11.72
16.0,mono,16.558245897228947,3,no,southwest,13.41
21.0,mono,18.475921442023136,5,no,northeast,17.79
2.0,poly,16.601291364003227,5,no,southwest,25.37
25.0,poly,15.891041162227603,4,no,southwest,15.67
29.0,poly,19.993274145816518,3,no,southeast,13.73
15.0,mono,18.92789884315308,4,no,southeast,18.95
5.0,mono,21.57949959644875,4,no,southeast,23.17
19.0,poly,18.55986010223298,4,no,southwest,18.88
18.0,mono,17.117836965294593,8,no,southwest,36.08
18.0,poly,19.162496637072906,3,no,southwest,14.67
11.0,mono,19.567124024751145,5,no,southeast,25.25
27.0,poly,17.483723432875976,3,no,southwest,12.29
17.0,mono,17.964756524078556,5,no,northeast,17.89
19.0,poly,16.778853914447136,8,no,northwest,24.92
1.0,mono,17.199623352165723,5,no,southeast,24.24
23.0,mono,17.90987355394135,3,no,southeast,12.45
1.0,mono,16.560398170567662,3,no,southeast,13.23
21.0,poly,21.48479956954533,4,no,southeast,20.18
1.0,poly,20.213882163034704,3,no,northeast,14.37
2.0,mono,16.43126177024482,3,no,northwest,10.53
29.0,mono,20.158999192897497,3,no,southeast,13.84
25.0,poly,19.270110304008607,4,no,southwest,18.59
16.0,mono,19.270110304008607,5,no,southwest,25.72
17.0,mono,18.925746569814365,4,yes,northeast,9.76
16.0,mono,18.291902071563086,3,no,northwest,10.26
10.0,mono,17.957223567393058,6,yes,southwest,17.73
25.0,mono,15.51116491794458,3,no,northeast,8.68
22.0,mono,20.79822437449556,5,yes,southeast,13.68
9.0,poly,17.678504170029594,4,no,northwest,14.71
17.0,mono,18.06483723432876,5,yes,southwest,13.49
14.0,mono,17.555824589722896,4,yes,northwest,8.81
10.0,mono,20.064299165994083,4,no,southeast,21.93
23.0,mono,18.193973634651602,4,yes,southeast,10.43
9.0,mono,17.33091202582728,4,no,northwest,14.87
16.0,mono,19.08931934355663,4,yes,northeast,8.93
20.0,mono,19.45735808447673,4,no,northwest,14.41
2.0,poly,20.091202582728005,4,no,northwest,17.64
8.0,poly,17.13935969868173,3,no,southwest,14.09
29.0,poly,19.14097390368577,4,no,southeast,16.58
18.0,mono,16.901533494753835,6,no,northeast,20.36
22.0,mono,19.477804681194513,5,no,northwest,18.14
15.0,mono,17.397632499327415,4,no,southwest,18.16
22.0,mono,16.901533494753835,5,yes,northwest,9.65
17.0,mono,17.024213075060533,4,no,northwest,13.55
5.0,mono,17.105999461931667,5,no,northeast,19.82
19.0,poly,18.951573849878933,8,no,southeast,35.98
21.0,poly,17.6257734732311,6,no,southeast,24.96
14.0,poly,16.635727737422652,3,no,northeast,10.83
6.0,poly,15.920096852300242,3,no,northwest,11.44
2.0,poly,20.281678773204195,3,no,southwest,19.62
5.0,mono,19.188323917137478,3,no,southeast,15.86
8.0,mono,16.49260156039817,3,yes,northeast,5.43
20.0,mono,20.206349206349206,3,no,southeast,14.24
5.0,mono,17.838848533763787,4,no,southeast,19.08
18.0,poly,20.17298896959914,6,no,northeast,24.19
16.0,poly,18.004573580844767,3,no,southeast,13.38
23.0,mono,17.044659671778316,4,no,northeast,12.38
14.0,mono,16.16545601291364,3,no,northeast,10.77
10.0,mono,17.13935969868173,6,yes,southwest,17.09
6.0,poly,18.148775894538606,4,no,northeast,15.95
4.0,mono,18.04654291094969,8,no,northeast,33.24
17.0,poly,17.117836965294593,4,no,southwest,18.46
16.0,mono,18.04654291094969,6,no,northwest,20.85
18.0,poly,17.514931396287327,4,no,northwest,13.57
14.0,mono,19.02797955340328,3,no,northeast,12.58
9.0,poly,15.981436642453591,3,yes,northeast,6.26
5.0,poly,15.826472962066182,4,no,southwest,19.08
18.0,poly,17.555824589722896,5,no,northeast,17.36
21.0,poly,18.36615550174872,5,no,southwest,23.72
18.0,mono,17.649448479956956,4,no,southeast,17.65
6.0,poly,15.879203658864675,6,yes,northwest,11.89
19.0,poly,16.5743879472693,6,no,northeast,19.44
19.0,poly,18.904223836427228,6,no,southwest,29.67
29.0,poly,19.49609900457358,3,no,southeast,12.96
12.0,poly,19.375571697605594,6,no,northeast,24.35
16.0,poly,17.351358622545064,3,no,northwest,9.49
9.0,mono,16.513048157115954,5,yes,northwest,9.72
9.0,mono,18.602905569007262,3,yes,southwest,9.32
9.0,mono,17.117836965294593,3,no,southwest,14.88
20.0,mono,17.935700834005917,3,no,southwest,13.14
19.0,mono,15.695184288404628,4,no,northeast,12.25
8.0,mono,18.394135055152006,5,no,northwest,19.8
7.0,mono,17.862523540489644,5,no,northeast,18.2
19.0,mono,17.637610976594026,6,yes,northwest,11.61
10.0,mono,16.9424266881894,5,no,northeast,17.74
22.0,mono,17.53537799300511,4,no,northeast,12.54
20.0,poly,16.47215496368039,3,no,southwest,12.11
16.0,mono,15.897497982243745,5,yes,southeast,11.21
28.0,poly,18.738498789346245,7,no,southeast,28.03
20.0,mono,18.5168146354587,4,no,northwest,12.81
18.0,poly,17.505246166263117,3,no,southwest,13.04
27.0,mono,17.044659671778316,3,no,northwest,8.18
2.0,poly,16.860640301318266,4,no,northwest,15.44
5.0,poly,18.925746569814365,5,no,southwest,27.74
23.0,poly,19.27333871401668,6,no,northwest,20.79
5.0,poly,18.598601022329834,5,no,northwest,19.42
22.0,mono,19.52838310465429,3,no,southwest,14.41
6.0,poly,18.241323648103307,6,yes,southeast,16.87
19.0,mono,19.3303739574926,4,yes,southeast,11.03
1.0,mono,16.584073177293515,4,no,southeast,18.58
19.0,poly,21.31907452246435,4,no,southeast,20.18
5.0,poly,19.011837503362926,3,no,southwest,15.84
2.0,mono,17.167339252085014,4,yes,northwest,8.73
7.0,mono,15.592951304815712,3,no,northwest,9.32
23.0,mono,18.36615550174872,3,no,southwest,12.97
17.0,poly,15.286252354048964,5,no,northeast,14.88
18.0,poly,16.656174334140434,4,yes,northwest,8.07
24.0,poly,19.14097390368577,3,yes,southeast,7.6
9.0,poly,17.576271186440678,3,no,northeast,11.36
1.0,mono,16.206349206349206,3,yes,northeast,6.63
28.0,mono,19.825396825396826,3,no,northwest,9.39
23.0,poly,16.51520043045467,6,no,southwest,24.86
6.0,mono,19.54344901802529,5,yes,southeast,17.19
18.0,poly,18.128329297820823,4,yes,northwest,8.37
6.0,mono,17.78073715361851,3,no,northeast,11.01
2.0,mono,17.433145009416194,5,no,northwest,19.46
15.0,poly,17.59671778315846,3,yes,northwest,5.87
1.0,mono,16.533494753833736,3,no,northeast,11.92
4.0,mono,18.169222491256388,3,yes,northeast,8.01
7.0,poly,17.117836965294593,3,no,southwest,15.3
24.0,mono,19.15065913370998,4,no,northeast,13.47
16.0,poly,16.88108689803605,5,yes,northwest,9.94
16.0,poly,16.962873284907182,3,no,northeast,9.91
6.0,mono,22.88162496637073,4,yes,southeast,15.03
10.0,poly,16.410815173527038,4,no,northwest,13.76
20.0,mono,18.21549636803874,3,yes,southwest,8.35
17.0,poly,19.518697874630078,4,no,northwest,15.26
30.0,mono,17.249125638956148,3,no,northeast,9.15
20.0,mono,17.985203120796342,4,no,northeast,13.93
19.0,mono,17.978746300780198,6,yes,southwest,15.98
6.0,poly,16.185902609631423,3,no,northwest,10.76
24.0,mono,17.514931396287327,3,no,northwest,9.26
20.0,poly,17.78504170029594,3,no,southwest,14.03
18.0,poly,18.407048695184287,3,no,southeast,12.68
9.0,poly,20.064299165994083,3,no,southeast,16.07
11.0,mono,18.843960182943235,4,no,northwest,15.09
9.0,mono,18.454398708635996,3,no,southeast,13.98
25.0,mono,17.57842345977939,4,no,southeast,15.42
27.0,mono,20.419424266881894,4,yes,southeast,11.06
16.0,mono,17.71939736346516,6,no,northwest,19.87
8.0,poly,17.074791498520312,7,no,southwest,34.57
16.0,poly,17.01022329835889,4,no,southwest,17.18
20.0,mono,19.590799031476998,5,no,southeast,22.96
19.0,mono,20.745493677697066,3,no,northeast,12.36
29.0,mono,16.226795803066988,4,no,northwest,10.92
23.0,poly,18.430723701910143,4,no,southeast,16.42
17.0,mono,19.54344901802529,4,yes,southeast,11.11
29.0,mono,18.332795264998655,3,no,northeast,9.49
5.0,mono,18.291902071563086,3,no,northwest,11.44
23.0,poly,17.78073715361851,5,no,northeast,16.61
27.0,poly,15.51116491794458,3,no,northeast,8.58
11.0,poly,17.933548560667205,4,no,southeast,18.49
19.0,poly,18.452246435297283,4,no,southwest,20.43
5.0,mono,17.167339252085014,3,no,northeast,11.67
7.0,mono,18.383373688458434,3,yes,southeast,8.62
29.0,mono,18.80952380952381,6,no,southeast,23.83
1.0,mono,16.252623083131557,5,no,southeast,22.53
11.0,mono,17.555824589722896,4,no,northwest,13.86
18.0,mono,15.858757062146893,4,no,northwest,11.82
11.0,mono,18.34463276836158,4,no,southwest,20.93
29.0,poly,18.128329297820823,5,no,northwest,14.8
19.0,poly,15.50363196125908,8,yes,southwest,19.89
24.0,mono,17.801183750336293,3,no,northeast,9.83
25.0,mono,18.353241861716437,3,no,northwest,9.45
22.0,mono,21.839924670433145,4,no,southeast,19.85
25.0,mono,16.321495829970406,3,no,southwest,12.11
19.0,mono,19.354048964218457,3,yes,southeast,7.75
24.0,poly,17.985203120796342,3,no,northeast,9.94
7.0,mono,18.602905569007262,6,no,southwest,31.74
6.0,poly,18.10788270110304,3,yes,northwest,6.61
21.0,poly,18.818132902878666,7,no,southwest,33.92
1.0,poly,18.312348668280872,7,no,northeast,30.61
22.0,poly,19.08931934355663,5,yes,northeast,11.43
6.0,mono,18.833198816249663,3,no,southeast,15.8
22.0,poly,18.210115684691957,3,no,northeast,9.69
10.0,poly,18.88054882970137,4,no,southeast,18.92
12.0,poly,15.674737691686843,5,yes,northeast,9.51
23.0,mono,17.720473500134517,6,no,southwest,27.42
8.0,mono,19.94592413236481,4,no,southeast,22.62
26.0,mono,19.3303739574926,3,no,southeast,12.26
17.0,mono,17.978746300780198,3,no,southwest,13.79
23.0,poly,18.288673661555016,3,no,southeast,12.99
20.0,poly,18.005649717514125,3,no,northwest,10.95
21.0,poly,17.20823244552058,5,no,northwest,15.44
5.0,mono,18.02179176755448,4,no,southwest,21.48
18.0,mono,15.944847995695454,6,no,southeast,23.37
23.0,poly,18.5168146354587,4,no,northeast,13.97
18.0,mono,19.82754909873554,6,yes,southeast,17.53
20.0,poly,17.12859833198816,6,yes,southeast,14.75
7.0,poly,17.228679042238365,6,no,northwest,21.56
7.0,mono,16.840193704600484,3,no,northeast,11.39
24.0,mono,18.596448748991122,4,no,southeast,16.59
15.0,mono,17.944309927360774,8,no,northeast,28.88
10.0,mono,18.738498789346245,5,yes,southeast,15.13
12.0,mono,19.25934893731504,4,yes,southeast,11.92
9.0,poly,15.858757062146893,6,no,northwest,19.56
7.0,poly,18.32311003497444,3,yes,southwest,9.57
18.0,mono,19.780199085283833,5,no,southeast,23.64
23.0,poly,19.498251277912296,6,yes,northwest,12.42
6.0,poly,18.537261232176487,4,no,northeast,16.11
7.0,poly,20.765940274414852,4,yes,northeast,11.13
29.0,poly,16.962873284907182,3,no,northwest,9.34
24.0,mono,18.00026903416734,3,no,southwest,13.37
15.0,poly,19.28302394404089,5,no,southeast,23.31
14.0,mono,18.624428302394403,4,no,southwest,20.66
2.0,poly,15.568200161420501,3,no,southwest,13.71
19.0,poly,16.70244821092279,8,no,southeast,31.74
6.0,mono,21.443906376109766,5,no,southwest,31.33
25.0,mono,20.234328759752486,3,no,northeast,11.49
22.0,poly,15.51116491794458,3,no,northwest,9.2
7.0,mono,18.843960182943235,3,no,northwest,11.89
21.0,poly,17.617164379876243,6,no,northwest,19.54
17.0,poly,16.94565509819747,4,no,southwest,17.26
5.0,poly,16.349475383373687,3,no,northwest,10.32
12.0,mono,18.075598601022328,3,no,southeast,14.04
2.0,poly,18.55770782889427,3,yes,northwest,7.49
21.0,mono,19.54344901802529,4,no,southeast,18.64
15.0,poly,18.581382835620126,6,no,southwest,28.99
22.0,poly,16.915523271455474,3,no,southeast,11.86
19.0,mono,18.52542372881356,5,no,southeast,21.47
21.0,mono,18.5168146354587,5,no,southwest,22.86
22.0,mono,18.619047619047617,6,no,northwest,20.57
27.0,mono,18.624428302394403,3,yes,southwest,8.03
4.0,poly,18.43502824858757,3,no,northwest,11.98
24.0,mono,16.192359429647563,4,no,southwest,15.88
16.0,mono,18.904223836427228,3,no,southwest,14.77
1.0,poly,18.087436104385258,3,no,northeast,13.11
26.0,poly,19.416464891041162,3,no,northwest,10.3
16.0,poly,18.57277374226527,6,yes,southeast,16.05
15.0,poly,19.27333871401668,4,no,northwest,15.32
20.0,poly,17.576271186440678,7,no,northwest,22.56
16.0,poly,16.329028786655904,6,no,northeast,20.37
2.0,mono,21.224374495560937,3,yes,southeast,10.53
7.0,poly,16.55394135055152,5,no,northwest,17.97
4.0,poly,18.148775894538606,3,no,northeast,12.08
11.0,poly,20.410815173527038,3,no,southwest,17.68
16.0,poly,19.0075329566855,4,no,northwest,15.0
14.0,mono,20.632499327414582,5,no,southeast,26.62
9.0,mono,19.922249125638956,4,no,southeast,20.58
1.0,poly,17.637610976594026,3,no,northeast,13.09
15.0,poly,17.658057573311808,4,no,northwest,13.64
15.0,poly,17.187785848802797,3,no,northeast,9.44
25.0,mono,20.253699219800914,3,no,southeast,13.42
8.0,poly,16.859564164648912,5,no,southwest,23.69
11.0,mono,19.14097390368577,5,no,southwest,26.98
17.0,poly,18.905299973096582,4,no,northwest,14.77
1.0,mono,17.45359160613398,4,yes,northeast,9.41
16.0,poly,17.311541565778853,5,yes,southwest,14.12
25.0,poly,20.585149313962873,3,no,southeast,13.8
18.0,mono,17.862523540489644,5,no,northwest,15.72
8.0,mono,18.475921442023136,5,no,northwest,19.35
6.0,poly,17.397632499327415,3,no,southwest,14.61
22.0,poly,16.75840731772935,4,yes,northwest,7.3
20.0,poly,17.462200699488836,4,no,southwest,17.62
7.0,poly,19.06887274683885,3,no,northeast,13.03
10.0,mono,17.980898574118914,3,yes,southeast,8.24
16.0,poly,20.459241323648104,4,no,northeast,15.86
9.0,poly,18.005649717514125,3,no,northwest,10.56
10.0,poly,18.0863599677159,3,no,southwest,14.45
20.0,poly,17.45359160613398,4,no,northeast,13.74
7.0,poly,17.69679849340866,4,yes,southeast,11.9
18.0,mono,16.635727737422652,5,no,northeast,16.54
4.0,mono,19.232445520581113,6,yes,northwest,14.21
29.0,poly,18.598601022329834,3,no,northwest,9.17
16.0,poly,17.003766478342747,4,yes,northeast,7.67
7.0,poly,17.591337099811675,3,no,southwest,14.59
10.0,poly,18.619047619047617,5,no,northwest,18.83
15.0,poly,16.24724239978477,4,no,northeast,13.09
26.0,poly,18.537261232176487,4,no,northeast,12.38
20.0,poly,19.436911487758945,3,no,northwest,10.27
10.0,poly,16.24724239978477,3,no,northwest,9.88
2.0,poly,17.576271186440678,6,no,northwest,22.78
2.0,poly,18.026096314231907,3,yes,northwest,6.95
15.0,mono,18.785848802797954,3,no,southeast,14.7
20.0,mono,17.882970137207426,4,no,northwest,14.2
10.0,poly,17.117836965294593,5,no,southwest,24.03
17.0,mono,16.79930051116492,5,no,northwest,15.84
18.0,mono,20.254775356470272,5,no,northwest,19.68
6.0,mono,18.475921442023136,3,no,northwest,11.76
22.0,mono,18.5168146354587,4,no,northeast,14.74
1.0,poly,17.436373419424267,6,yes,southeast,17.45
15.0,mono,15.408931934355662,4,no,northwest,11.44
27.0,poly,19.054882970137207,5,no,southwest,22.67
16.0,mono,18.753564702717245,5,yes,southwest,14.87
17.0,poly,17.0651062684961,4,yes,northeast,8.38
27.0,mono,19.549905838041433,4,no,southwest,18.32
16.0,mono,18.210115684691957,4,no,northwest,13.66
19.0,mono,18.904223836427228,5,no,southeast,22.74
1.0,mono,16.185902609631423,3,no,northeast,12.13
22.0,poly,18.732041969330105,5,no,southwest,23.98
6.0,poly,18.291902071563086,4,no,northwest,16.43
1.0,mono,19.98896959913909,3,no,northeast,14.58
20.0,mono,16.962873284907182,3,no,southeast,12.12
8.0,mono,19.590799031476998,5,no,southeast,26.98
18.0,poly,19.011837503362926,4,yes,southwest,12.42
18.0,poly,18.066989507667472,6,no,northwest,20.68
9.0,poly,16.28813559322034,4,no,northeast,14.4
20.0,mono,16.93919827818133,5,no,southeast,20.21
21.0,mono,17.01022329835889,3,no,southeast,12.44
4.0,poly,16.82082324455206,3,yes,southeast,7.86
15.0,mono,16.717514124293785,4,no,northeast,13.92
12.0,poly,20.135324186171644,4,no,southeast,21.26
18.0,mono,15.184019370460048,5,no,northeast,15.03
16.0,mono,19.567124024751145,5,no,southeast,24.23
25.0,mono,18.97524885660479,3,no,southeast,12.52
26.0,mono,18.087436104385258,3,no,northeast,9.67
22.0,mono,18.987086359967716,6,yes,northwest,12.6
4.0,poly,16.256927629808985,3,yes,southwest,8.77
23.0,poly,16.860640301318266,6,no,northwest,18.48
26.0,mono,16.579768630616087,3,no,southwest,12.07
18.0,poly,17.554748453053538,5,no,southeast,21.7
5.0,mono,18.25100887812752,3,no,northwest,11.31
29.0,poly,16.226795803066988,3,no,northeast,8.59
26.0,poly,17.637610976594026,3,no,northwest,9.07
17.0,mono,16.451708366962603,6,no,northeast,19.02
10.0,poly,20.632499327414582,4,no,southeast,21.45
22.0,mono,20.561474307237017,5,yes,southeast,14.13
30.0,mono,19.519774011299436,5,yes,southeast,11.53
6.0,poly,16.145009416195858,6,no,northwest,19.66
7.0,poly,18.69114877589454,3,no,southeast,15.91
1.0,mono,18.738498789346245,3,no,southeast,15.17
7.0,mono,16.79499596448749,8,no,southwest,39.67
18.0,poly,17.096314231907453,6,no,southwest,27.31
12.0,mono,17.892655367231637,7,no,southwest,34.41
1.0,poly,20.135324186171644,3,no,southeast,17.32
11.0,mono,18.803066989507666,4,yes,northeast,10.17
9.0,mono,17.985203120796342,3,yes,northeast,7.92
2.0,mono,15.826472962066182,3,no,southwest,15.62
4.0,mono,17.440677966101696,3,yes,southwest,8.78
20.0,poly,17.871132633844496,7,no,southwest,31.98
14.0,poly,17.53107344632768,3,no,southeast,12.91
16.0,poly,19.722087705138552,3,no,southwest,15.78
22.0,poly,19.396018294323376,6,no,northwest,21.27
23.0,poly,17.514931396287327,4,no,northwest,12.75
24.0,mono,19.682270648372345,6,no,northwest,20.51
22.0,poly,16.55394135055152,3,no,northeast,9.44
11.0,poly,15.981436642453591,3,no,northeast,9.82
7.0,mono,19.549905838041433,4,no,southwest,22.49
15.0,poly,17.602098466505247,4,no,southeast,17.15
16.0,poly,18.00026903416734,4,no,southwest,19.8
20.0,poly,18.74172719935432,5,no,northeast,17.61
30.0,mono,16.678773204196933,3,yes,southeast,6.6
24.0,poly,18.12940543449018,3,no,southwest,13.63
9.0,mono,18.25100887812752,3,yes,northeast,7.3
4.0,poly,18.732041969330105,3,no,southwest,16.89
18.0,mono,17.483723432875976,6,no,southwest,27.93
5.0,mono,18.864406779661017,4,no,northwest,16.4
10.0,poly,18.987086359967716,3,no,northwest,11.66
16.0,mono,17.0575733118106,8,no,southeast,33.48
15.0,mono,17.50739843960183,4,no,southeast,18.72
5.0,mono,17.38902340597256,3,yes,southeast,9.13
25.0,mono,16.66585956416465,3,no,southwest,12.44
6.0,poly,18.10788270110304,3,no,northeast,12.23
11.0,poly,17.964756524078556,3,no,northwest,9.96
19.0,mono,18.005649717514125,4,yes,northeast,8.26
10.0,poly,17.33091202582728,5,no,northwest,17.78
20.0,poly,18.738498789346245,3,no,southeast,13.91
19.0,poly,17.514931396287327,5,yes,northwest,9.43
1.0,poly,16.226795803066988,3,yes,northeast,6.62
1.0,mono,18.028248587570623,4,no,southeast,19.78
28.0,mono,19.37772397094431,4,yes,southwest,10.41
19.0,poly,16.79930051116492,3,no,northeast,10.24
7.0,poly,15.286252354048964,3,no,northeast,10.3
16.0,poly,17.13935969868173,4,no,southwest,17.78
4.0,mono,20.044928705945654,5,yes,southwest,17.51
17.0,mono,18.951573849878933,4,no,southeast,17.7
18.0,poly,15.858757062146893,5,no,northeast,15.55
2.0,mono,19.076405703524348,3,yes,southwest,11.0
5.0,mono,16.560398170567662,3,no,southeast,13.86
18.0,mono,17.105999461931667,6,no,northwest,19.55
26.0,mono,16.983319881624965,3,no,northeast,9.09
4.0,mono,16.299973096583265,4,no,southwest,19.75
1.0,mono,17.187785848802797,3,no,northeast,11.43
7.0,poly,17.270648372343288,5,no,southeast,23.1
12.0,mono,17.474038202851762,5,no,northwest,17.93
2.0,poly,17.105999461931667,4,no,northwest,15.74
18.0,mono,18.099273607748184,3,yes,southeast,8.66
29.0,mono,18.210115684691957,6,yes,northwest,10.16
10.0,poly,16.041700295937584,4,no,southwest,17.26
16.0,mono,17.548291633037394,3,yes,southwest,8.9
16.0,mono,16.860640301318266,5,yes,northeast,10.17
9.0,poly,17.53107344632768,3,no,southeast,13.43
8.0,poly,16.267688996502557,3,yes,northeast,7.02
11.0,mono,17.617164379876243,7,yes,northwest,15.23
10.0,poly,18.06483723432876,3,yes,southwest,9.61
15.0,mono,18.495291902071564,5,no,southwest,23.97
16.0,mono,17.228679042238365,4,no,northwest,13.4
12.0,poly,17.310465429109495,3,no,northwest,10.6
14.0,mono,20.79822437449556,4,no,southwest,22.89
2.0,poly,19.033360236750067,5,yes,southwest,18.55
9.0,poly,16.656174334140434,6,yes,northwest,12.72
1.0,mono,17.658057573311808,4,no,northeast,16.36
2.0,poly,15.998654829163304,3,no,southwest,14.56
1.0,mono,23.0,3,no,southeast,19.53
15.0,mono,20.11164917944579,7,no,northeast,28.31
19.0,poly,17.228679042238365,5,no,northwest,15.98
10.0,mono,18.25100887812752,6,no,northwest,22.41
29.0,mono,17.310465429109495,3,yes,northeast,6.3
29.0,mono,19.922249125638956,3,no,southeast,11.83
16.0,poly,20.253699219800914,5,yes,southeast,13.73
10.0,mono,17.146892655367232,4,no,northwest,13.5
28.0,mono,18.782620392789884,3,no,northeast,10.06
16.0,poly,18.639494215765403,3,no,northeast,11.25
22.0,mono,18.028248587570623,4,no,southeast,16.8
7.0,poly,16.778853914447136,5,no,northeast,18.24
22.0,mono,19.872746838848535,5,no,southwest,25.37
25.0,poly,17.10492332526231,5,no,southeast,19.22
7.0,poly,18.753564702717245,3,no,southwest,16.77
22.0,poly,21.185633575464085,6,no,southwest,31.48
21.0,mono,18.23056228140974,6,no,northwest,19.96
1.0,poly,18.43502824858757,3,no,northeast,13.58
1.0,poly,19.49609900457358,3,no,southeast,16.85
5.0,poly,17.117836965294593,3,no,southwest,14.9
28.0,poly,17.821630347054075,3,yes,northwest,5.12
